{"PrintMe": {"Plane 82": {"y": 212.59765625, "x": -299.267578125, "z": 0.0}, "Plane 83": {"y": 212.59765625, "x": -275.26757812500006, "z": 0.0}, "Plane 80": {"y": 183.45835080220559, "x": -385.68065623224368, "z": 0.0}, "Plane 81": {"y": 173.27892927184243, "x": -399.462890625, "z": 0.0}, "Plane 86": {"y": 160.8359374999996, "x": -255.029296875, "z": 0.0}, "Plane 87": {"y": 136.83593749999943, "x": -255.029296875, "z": 0.0}, "Plane 84": {"y": 208.83593749999991, "x": -255.029296875, "z": 0.0}, "Plane 85":ƒ {"y": 184.83593749999974, "x": -255.029296875, "z": 0.0}, "Plane 519": {"y": -163.73383619388053, "x": 383.66984226157354, "z": 0.0}, "Plane 518": {"y": -165.234375, "x": 359.716796875, "z": 0.0}, "Plane 88": {"y": 112.83593749999926, "x": -255.029296875, "z": 0.0}, "Plane 89": {"y": 104.6875, "x": -239.17773437499972, "z": 0.0}, "Plane 104": {"y": 93.06640625, "x": -77.783203125, "z": 0.0}, "Plane 108": {"y": 69.43359375, "x": -156.08785964762052, "z": 0.0}, "Plane 109": {"y": 69.43359375, "x": -180.08785964762018, "z": 0.0}, "Plane 296": {"y": 190.73046874999287, "x": 667.529296875, "z": 0.0}, "Plane 297": {"y": -69.43359375, "x": -788.232421875, "z": 0.0}, "Plane 294": {"y": 142.73046875000006, "x": 667.529296875, "z": 0.0}, "Plane 105": {"y": 93.06640625, "x": -101.78320312500007, "z": 0.0}, "Plane 292": {"y": 94.730468750007219, "x": 667.529296875, "z": 0.0}, "Plane 293": {"y": 118.73046874999548, "x": 667.529296875, "z": 0.0}, "Plane 290": {"y": 69.43359375, "x": 690.23242187500011, "z": 0.0}, "Plane 291": {"y": 70.730468750002657, "x": 667.529296875, "z": 0.0}, "Plane 102": {"y": 179.70703125000074, "x": -299.267578125, "z": 0.0}, "Plane 298": {"y": -69.43359375, "x": -764.23242187500011, "z": 0.0}, "Plane 103": {"y": 203.7070312499992, "x": -299.267578125, "z": 0.0}, "Plane 199": {"y": 93.433593749996419, "x": 290.380859375, "z": 0.0}, "Plane 100": {"y": 131.7070312499998, "x": -299.267578125, "z": 0.0}, "Plane 195": {"y": 149.59765624999619, "x": 213.720703125, "z": 0.0}, "Plane 194": {"y": 125.59765624999977, "x": 213.720703125, "z": 0.0}, "Plane 197": {"y": 197.59765624999716, "x": 213.720703125, "z": 0.0}, "Plane 101": {"y": 155.70703125000028, "x": -299.267578125, "z": 0.0}, "Plane 191": {"y": 69.43359375, "x": 229.55664062500031, "z": 0.0}, "Plane 190": {"y": 69.43359375, "x": 253.55664062499937, "z": 0.0}, "Plane 193": {"y": 101.59765625000337, "x": 213.720703125, "z": 0.0}, "Plane 192": {"y": 77.597656249998806, "x": 213.720703125, "z": 0.0}, "Plane 564": {"y": -67.332440995370149, "x": 578.24428676958473, "z": 0.0}, "Plane 565": {"y": -71.771131215735153, "x": 601.72853232542036, "z": 0.0}, "Plane 566": {"y": -85.759983706470081, "x": 620.76805838324992, "z": 0.0}, "Plane 567": {"y": -108.01824276355467, "x": 629.07220908339127, "z": 0.0}, "Plane 209": {"y": 201.19805762591449, "x": 408.59511535415561, "z": 0.0}, "Plane 208": {"y": 210.99814996869816, "x": 387.14081117748071, "z": 0.0}, "Plane 562": {"y": -74.459152129755097, "x": 531.35366428841508, "z": 0.0}, "Plane 563": {"y": -67.909468434054887, "x": 554.2866064763648, "z": 0.0}, "Plane 205": {"y": 212.59765625, "x": 315.21679687499847, "z": 0.0}, "Plane 204": {"y": 212.59765625, "x": 291.21679687500023, "z": 0.0}, "Plane 207": {"y": 212.59765625, "x": 363.2167968749992, "z": 0.0}, "Plane 206": {"y": 212.59765625, "x": 339.21679687500091, "z": 0.0}, "Plane 201": {"y": 141.43359374999739, "x": 290.380859375, "z": 0.0}, "Plane 200": {"y": 117.43359375000097, "x": 290.380859375, "z": 0.0}, "Plane 203": {"y": 189.43359374999835, "x": 290.380859375, "z": 0.0}, "Plane 202": {"y": 165.43359375000193, "x": 290.380859375, "z": 0.0}, "Plane 579": {"y": -214.41237105242192, "x": 582.69226865723169, "z": 0.0}, "Plane 425": {"y": -108.43359374999926, "x": -141.943359375, "z": 0.0}, "Plane 424": {"y": -132.43359375000381, "x": -141.943359375, "z": 0.0}, "Plane 427": {"y": -165.234375, "x": -73.583984375, "z": 0.0}, "Plane 426": {"y": -84.433593749994714, "x": -141.943359375, "z": 0.0}, "Plane 19": {"y": 155.70703125, "x": -788.232421875, "z": 0.0}, "Plane 18